GHGRP ID,Latitude of Plume Origin,Longitude of Plume Origin,Plume Candidate ID (UTC time of detection),Instantaneous Emission Rate (kg/h),Instantaneous Emission Rate Uncertainty (kg/h)
1005717,29.935453,-90.262612,GAO20211026t174729p0000-B,10151,5395
1007607,34.5948,-117.26764,ang20160911t174834-C,61,16
1007607,34.59453,-117.26808,ang20160911t174834-D,103,61
1007607,34.59165,-117.26715,ang20160911t174834-E,54,144
1003679,34.33066,-118.51342,ang20160911t213902-A,218,53
1004548,36.39318,-119.3792,ang20160916t202433-H,76,17
1004487,34.139082,-84.037301,GAO20220423t150922p0000-A,,
1005717,29.933796,-90.262095,GAO20211026t175710p0000-B,5978,2857
1004743,34.4051,-118.99399,ang20160930t211208-B,660,346
1004743,34.40428,-118.99849,ang20160930t211208-C,108,39
1004743,34.40428,-118.99849,ang20160930t213004-C,750,201
1002634,34.483,-120.12418,ang20160930t221645-A,152,82
1002634,34.48393,-120.1254,ang20160930t221645-B,137,62
1004743,34.40412,-118.99844,ang20160930t223905-A,574,106
1004743,34.4051,-118.99399,ang20160930t223905-B,375,204
1004743,34.40428,-118.99849,ang20160930t223905-C,568,121
1004743,34.40295,-118.99603,ang20160930t223905-D,600,209
1002107,33.71713,-117.70805,ang20161001t184552-A,93,28
1002107,33.72204,-117.69723,ang20161001t184552-B,104,61
1002107,33.72164,-117.70116,ang20161001t184552-C,94,31
1002107,33.71807,-117.70325,ang20161001t184552-D,64,21
1002107,33.71852,-117.70146,ang20161001t184552-E,442,184
1002107,33.72204,-117.69723,ang20161001t185608-A,89,26
1002107,33.72194,-117.6985,ang20161001t185608-B,125,33
1007112,37.49839,-122.40765,ang20170620t223221-A,3789,1055
1002107,33.71744,-117.70415,ang20161001t185608-C,67,17
1002107,33.71852,-117.70146,ang20161001t185608-D,57,20
1006149,35.5082,-119.40716,ang20161001t205456-A,148,27
1006149,35.5082,-119.40716,ang20161001t205820-A,482,161
1003679,34.32713,-118.51601,ang20161003t200520-A,1664,688
1003679,34.32601,-118.513,ang20161003t200520-B,1437,623
1003679,34.32601,-118.513,ang20161003t201042-A,389,222
1003679,34.32431,-118.50854,ang20161003t201042-B,751,267
1004850,40.966173,-82.485064,GAO20220720t141304p0000-B,,
1003679,34.32431,-118.50854,ang20161003t213256-A,288,95
1004011,37.9982,-121.93398,ang20161005t182145-A,494,135
1004011,37.99701,-121.93665,ang20161005t182145-B,187,73
1002320,33.94041,-117.83159,ang20161006t180917-A,95,48
1002320,33.93933,-117.82961,ang20161006t180917-B,30,12
1004856,39.269967,-84.59002,GAO20220722t161649p0000-D,,
1002320,33.93995,-117.84145,ang20161006t180917-C,96,29
1003679,34.33456,-118.51968,ang20170619t005425-A,3069,955
1002320,33.94179,-117.83706,ang20161006t181839-B,43,12
1003679,34.32423,-118.51581,ang20170309t191857-C,1399,842
1003679,34.3251,-118.51006,ang20170309t191857-D,696,439
1003679,34.32838,-118.51719,ang20170309t231950-E,314,124
1004743,34.40586,-118.99502,ang20170615t210701-A,349,200
1004743,34.4051,-118.99399,ang20170615t210701-B,320,120
1003679,34.32685,-118.51491,ang20170615t211644-A,63,36
1003679,34.33021,-118.51764,ang20170615t211644-B,34,14
1007345,38.21164,-121.96851,ang20170617t192417-A,401,201
1007345,38.21375,-121.96784,ang20170617t192417-B,64,68
1007345,38.21582,-121.96289,ang20170617t192417-C,77,36
1004011,38.00399,-121.93472,ang20170617t194950-A,341,68
1004011,37.99735,-121.9358,ang20170617t194950-B,214,36
1004011,37.99706,-121.93347,ang20170617t194950-C,292,85
1007668,38.16858,-122.56649,ang20170617t200737-B,324,107
1007668,38.16911,-122.56563,ang20170617t200737-C,406,83
1007668,38.1637,-122.56246,ang20170617t200737-E,227,29
1007668,38.16244,-122.5625,ang20170617t200737-F,206,26
1007969,41.307469,-82.173535,GAO20220721t140940p0000-B,,
1007668,38.1682,-122.56634,ang20170617t200737-G,389,44
1007040,37.75935,-121.72819,ang20170618t182621-B,80,8
1007699,37.75285,-121.65606,ang20170618t182621-C,164,103
1007699,37.75287,-121.65538,ang20170618t182621-D,222,120
1007699,37.75307,-121.65464,ang20170618t182621-E,205,111
1007699,37.75178,-121.65484,ang20170618t182621-F,328,48
1007699,37.75684,-121.65607,ang20170618t182621-H,579,92
1007699,37.75598,-121.65379,ang20170618t182621-I,251,54
1007040,37.76158,-121.72831,ang20170618t182621-L,80,8
1007040,37.75884,-121.72513,ang20170618t182621-M,318,37
1007040,37.7593,-121.72867,ang20170618t182621-N,164,45
1007040,37.76098,-121.7258,ang20170618t182621-O,366,31
1007699,37.74877,-121.65478,ang20170618t183142-A,171,143
1007699,37.7524,-121.65544,ang20170618t183142-B,372,117
1007699,37.75304,-121.6482,ang20170618t183142-E,277,113
1007699,37.75306,-121.65043,ang20170618t183142-F,277,113
1007699,37.7492,-121.65015,ang20170618t183142-G,45,25
1007699,37.74851,-121.65313,ang20170618t183142-H,50,28
1007112,37.50365,-122.40859,ang20170618t184938-A,969,601
1007112,37.49839,-122.40765,ang20170618t184938-B,912,279
1007112,37.49966,-122.40931,ang20170618t184938-C,581,338
1007112,37.50139,-122.4114,ang20170618t184938-D,404,136
1007112,37.50273,-122.40931,ang20170618t184938-E,659,407
1007112,37.50338,-122.41046,ang20170618t184938-F,1012,444
1006179,37.45981,-121.9449,ang20170618t192841-B,103,55
1006179,37.46139,-121.94201,ang20170618t192841-C,551,318
1006179,37.45919,-121.94718,ang20170618t192841-D,118,36
1006179,37.45825,-121.94126,ang20170618t193403-A,529,220
1006179,37.46,-121.94618,ang20170618t193403-C,359,141
1006179,37.46037,-121.94291,ang20170618t193403-D,625,259
1006179,37.45825,-121.94126,ang20170618t193403-F,597,206
1006179,37.45972,-121.93707,ang20170618t193403-G,2176,972
1006179,37.45853,-121.93962,ang20170618t193403-H,398,206
1006179,37.46,-121.94618,ang20170618t194516-B,128,76
1006179,37.46037,-121.94291,ang20170618t194516-C,296,183
1006179,37.45825,-121.94126,ang20170618t194516-E,861,451
1006179,37.45972,-121.93707,ang20170618t194516-F,1867,767
1007817,37.18527,-121.66388,ang20170618t200113-A,196,111
7837,37.21585,-121.89715,ang20170618t200113-B,137,70
7837,37.21547,-121.89678,ang20170618t200113-C,103,60
1007817,37.18544,-121.66704,ang20170618t200113-D,44,24
1007817,37.18608,-121.66806,ang20170618t200113-E,40,21
7837,37.21585,-121.89715,ang20170618t201101-A,94,68
7837,37.21408,-121.89743,ang20170618t201101-B,138,79
1007817,37.18486,-121.66479,ang20170618t201101-C,20,13
7837,37.21519,-121.89685,ang20170618t201101-D,129,85
1007817,37.18588,-121.66807,ang20170618t201101-E,66,33
1007817,37.18599,-121.66931,ang20170618t201101-F,64,32
1003679,34.32772,-118.51603,ang20170619t004939-A,666,189
1003679,34.32641,-118.51786,ang20170619t004939-B,129,36
1004011,37.99735,-121.9358,ang20170620t192202-A,70,18
1007040,37.76141,-121.72652,ang20170620t193453-A,105,33
1007040,37.76197,-121.73036,ang20170620t193453-B,122,38
1007040,37.76273,-121.72708,ang20170620t193453-C,73,25
1007040,37.76123,-121.72627,ang20170620t194520-F,183,63
1007699,37.75598,-121.65379,ang20170620t194520-L,324,133
1007699,37.75462,-121.65456,ang20170620t194520-N,103,37
1007699,37.75517,-121.65536,ang20170620t194520-O,98,46
1007668,38.1682,-122.56634,ang20170620t221828-A,241,187
1007668,38.16911,-122.56563,ang20170620t221828-B,76,60
1007668,38.16658,-122.5629,ang20170620t221828-C,123,57
1007668,38.1637,-122.56246,ang20170620t221828-D,287,83
1007668,38.16666,-122.56473,ang20170620t221828-F,365,195
1007668,38.16753,-122.56821,ang20170620t221828-G,567,193
1007668,38.16875,-122.56808,ang20170620t221828-H,376,189
1007112,37.49966,-122.40931,ang20170620t223221-B,1621,827
1007112,37.50064,-122.41188,ang20170620t223221-C,1662,809
1007112,37.50365,-122.40859,ang20170620t223221-D,455,98
1007112,37.50273,-122.40931,ang20170620t223221-E,703,204
1007112,37.50338,-122.41046,ang20170620t223221-F,418,90
1006179,37.45627,-121.94648,ang20170620t225336-A,290,51
1006777,40.429131,-80.918905,GAO20220722t144241p0000-A,,
1006179,37.45825,-121.94126,ang20170620t225336-D,747,267
1006179,37.45748,-121.94358,ang20170620t225336-E,382,56
1006179,37.45917,-121.95086,ang20170620t225947-A,155,27
1006179,37.46137,-121.94492,ang20170620t225947-B,396,107
1006179,37.45666,-121.94701,ang20170620t225947-C,177,42
1003679,34.33481,-118.51938,ang20170828t205257-A,1005,455
1003679,34.32684,-118.51843,ang20170828t205733-A,353,141
1003679,34.3282,-118.51592,ang20170828t205733-D,101,49
1003679,34.33019,-118.51913,ang20170828t205733-E,1058,399
1006899,29.831582,-95.233986,ang20220610t194646-C,,
1003679,34.32666,-118.51772,ang20170828t210241-A,604,199
1003679,34.32413,-118.50989,ang20170828t210241-B,71,23
1010207,34.08666,-117.22064,ang20170830t183447-A,86,24
1006899,29.829397,-95.234296,ang20220610t194646-D,,
1010207,34.0869,-117.2193,ang20170830t183447-B,27,9
1003679,34.32671,-118.5177,ang20170901t183704-A,548,345
1003679,34.32627,-118.51535,ang20170901t183704-B,162,86
1003679,34.32796,-118.51577,ang20170901t183704-C,42,24
1003679,34.32669,-118.5177,ang20170901t184141-A,518,328
1003679,34.32548,-118.51548,ang20170901t184141-C,37,24
1002104,33.61332,-117.82259,ang20170901t221701-A,827,530
1002992,34.43851,-118.64484,ang20170907t184149-A,596,223
1002992,34.43222,-118.64848,ang20170907t184149-B,35,8
1002992,34.43551,-118.64621,ang20170907t184149-D,98,32
1007951,34.24308,-118.38114,ang20170907t215503-A,597,242
1007951,34.26071,-118.40621,ang20170907t215503-D,191,32
1004011,37.9982,-121.93398,ang20170910t194022-A,180,80
1002896,35.34825,-118.76406,ang20170913t214139-A,152,31
1007801,35.5054815,-97.418973,GAO20220616t170133p0000-C,,
1002896,35.3487,-118.76583,ang20170913t214139-B,175,42
1002896,35.35098,-118.76556,ang20170913t214139-C,91,28
1003679,34.33452,-118.51968,ang20170918t202106-A,333,106
1003679,34.3301,-118.5175,ang20170918t202106-C,121,62
1003679,34.33232,-118.5156,ang20170918t202601-B,181,63
1003646,29.424804,-95.191671,ang20220610t201320-B,,
1003679,34.33492,-118.51957,ang20170918t213156-A,961,285
1003679,34.32683,-118.51761,ang20170918t213632-A,451,127
1003679,34.32996,-118.51955,ang20170918t213632-B,423,133
1003679,34.32811,-118.51878,ang20170918t213632-C,319,89
1005717,29.931314,-90.253604,GAO20211026t175710p0000-A,1366,360
1003679,34.33014,-118.51749,ang20170918t213632-D,329,98
1004743,34.40586,-118.99502,ang20170918t215815-A,412,215
1005717,29.9302007,-90.264949,ang20220615t170720-B,,
1004548,36.39318,-119.3792,ang20170919t194958-A,236,77
1004548,36.38764,-119.38043,ang20170919t194958-B,215,13
1004548,36.39455,-119.38082,ang20170919t194958-C,130,18
1004548,36.39359,-119.38,ang20170919t194958-D,224,58
1004548,36.39169,-119.37858,ang20170919t194958-E,49,10
1007794,35.95966,-120.01445,ang20170920t204106-A,136,53
1007794,35.96008,-120.01522,ang20170920t204106-B,137,53
1007794,35.96285,-120.01625,ang20170920t204106-C,116,42
1003679,34.3267,-118.51717,ang20170922t180434-A,63,37
1003679,34.32794,-118.52037,ang20170922t212618-A,61,32
1005493,30.602086,-91.233137,ang20220614t174029-B,,
1003679,34.32685,-118.52037,ang20170922t212618-C,51,40
1008057,32.7317,-117.06889,ang20170925t212203-B,124,40
1008057,32.73386,-117.06567,ang20170925t212203-C,478,63
1007558,32.85223,-117.16319,ang20170925t214642-A,548,117
1007558,32.85246,-117.16606,ang20170925t214642-B,253,42
1003679,34.3267891,-118.51538,ang20200825t213837-1,,
1007558,32.85303,-117.16755,ang20170925t214642-C,110,30
1007558,32.85186,-117.16952,ang20170925t214642-D,46,19
1007558,32.85079,-117.16609,ang20170925t214642-E,170,21
1004010,37.87881,-121.18931,ang20170930t214843-C,676,318
1004010,37.87782,-121.18673,ang20170930t214843-D,2595,1184
1004010,37.87961,-121.18722,ang20170930t214843-E,1325,832
1004010,37.87782,-121.18673,ang20171003t222158-A,1377,409
1004010,37.87881,-121.18931,ang20171003t223216-A,1363,783
1004010,37.8791,-121.18823,ang20171003t223216-B,1626,339
1004399,40.497751,-81.518096,ang20220630t200716-B,,
1004010,37.88025,-121.18661,ang20171003t223216-C,285,124
1004010,37.87729,-121.18978,ang20171003t223216-D,1084,487
1007699,37.75436,-121.6572,ang20171003t224906-A,77,35
1007699,37.75359,-121.65752,ang20171003t224906-B,150,48
1007699,37.75567,-121.65272,ang20171003t224906-C,219,46
1007699,37.75645,-121.65736,ang20171003t224906-D,667,346
1007699,37.75375,-121.65547,ang20171003t224906-G,219,46
1007112,37.502709,-122.410825,ang20180920t204112-C,1093,486
1007699,37.7524,-121.65544,ang20171003t224906-H,219,46
1007699,37.74821,-121.65916,ang20171003t224906-I,154,24
1006179,37.45836,-121.93914,ang20171005t185616-A,1138,691
1005493,30.6044664,-91.236189,GAO20220506t164919p0000-A,,
1006179,37.45825,-121.94126,ang20171005t185616-B,336,152
1006179,37.45932,-121.94299,ang20171005t185616-C,142,89
1006179,37.45839,-121.9471,ang20171005t185616-D,102,33
1006179,37.457,-121.93846,ang20171005t185616-E,318,307
1006179,37.4585,-121.94135,ang20171005t190757-A,497,209
1006179,37.458245,-121.941261,ang20181005t192929-C,1048,265
1006179,37.45795,-121.9415,ang20171005t190757-B,291,66
1004399,40.495638,-81.51961,ang20220630t165936-A,,
1006179,37.45984,-121.94143,ang20171005t190757-C,676,237
1006179,37.45856,-121.94696,ang20171005t190757-D,33,10
1006179,37.45825,-121.94126,ang20171005t192014-A,525,164
1006179,37.45932,-121.94299,ang20171005t192014-B,200,83
1006179,37.45839,-121.9471,ang20171005t192014-C,128,28
1003582,42.260033,-83.431929,ang20220630t152222-B,,
1006179,37.45825,-121.94126,ang20171005t192606-A,1088,476
1006179,37.45932,-121.94299,ang20171005t192606-B,571,434
1006179,37.45839,-121.9471,ang20171005t192606-C,605,372
1007345,38.21582,-121.96289,ang20171005t202112-B,37,17
1007345,38.21247,-121.97178,ang20171005t202112-C,42,16
1007345,38.21122,-121.97195,ang20171005t202112-D,121,46
1007345,38.21011,-121.97281,ang20171005t202112-E,193,109
1007345,38.20915,-121.97148,ang20171005t202112-F,455,165
1007668,38.16653,-122.56435,ang20171005t203234-A,46,15
1007668,38.16911,-122.56563,ang20171005t203234-B,42,15
1007668,38.16658,-122.5629,ang20171005t203234-C,56,20
1007668,38.1637,-122.56246,ang20171005t203234-D,134,45
1006777,40.4294078,-80.917967,ang20220630t174018-B,,
1007668,38.16244,-122.5625,ang20171005t203234-E,146,56
1007668,38.16666,-122.56473,ang20171005t203234-F,35,12
1007668,38.1682,-122.56634,ang20171005t203726-A,21,11
1007668,38.1656,-122.56708,ang20171005t203726-B,34,12
1007668,38.1637,-122.56246,ang20171005t203726-D,39,18
1003102,40.997958,-80.534188,ang20220630t194620-A,,
1007668,38.16244,-122.5625,ang20171005t203726-E,42,20
1007668,38.16496,-122.56731,ang20171005t203726-F,31,13
1007668,38.16753,-122.56821,ang20171005t203726-G,35,22
1007668,38.16875,-122.56808,ang20171005t203726-H,12,5
1004037,38.51825,-121.18505,ang20171005t211722-A,116,26
1004037,38.51656,-121.18354,ang20171005t211722-B,220,90
1004037,38.51989,-121.1903,ang20171005t211722-C,100,33
1004037,38.51901,-121.18775,ang20171005t211722-D,106,14
1004037,38.5214,-121.18779,ang20171005t211722-E,47,24
1004037,38.51783,-121.18762,ang20171005t212155-A,96,41
1004037,38.51825,-121.18505,ang20171005t212155-B,304,189
1004037,38.51656,-121.18354,ang20171005t212155-C,1058,309
1004037,38.51713,-121.18649,ang20171005t212155-D,221,42
1004037,38.51901,-121.18775,ang20171005t212155-E,96,41
1004037,38.5214,-121.18779,ang20171005t212155-F,136,23
1004011,37.99706,-121.93347,ang20171006t173826-A,147,79
1004011,37.99735,-121.9358,ang20171006t173826-B,27,11
1004011,38.00399,-121.93472,ang20171006t173826-C,141,78
1004011,38.00399,-121.93472,ang20171006t174304-A,113,54
1004011,37.99278,-121.93877,ang20171006t174304-B,154,72
1004011,37.99735,-121.9358,ang20171006t174304-C,236,121
1004011,38.00399,-121.93472,ang20171006t174757-A,95,59
1004011,37.99735,-121.9358,ang20171006t174757-B,214,100
1004011,38.00399,-121.93472,ang20171006t175330-A,97,51
1004011,37.99735,-121.9358,ang20171006t175330-B,139,63
1004011,38.00399,-121.93472,ang20171006t175832-A,60,31
1004011,37.99735,-121.9358,ang20171006t175832-B,213,89
1004011,38.00399,-121.93472,ang20171006t180357-A,187,88
1004011,37.99735,-121.9358,ang20171006t180357-B,159,79
1007345,38.20819,-121.97159,ang20171006t181027-B,318,100
1007345,38.21011,-121.97281,ang20171006t181027-E,72,46
1007345,38.20915,-121.97148,ang20171006t181027-F,319,72
1007345,38.2091,-121.97447,ang20171006t181027-G,105,23
1007345,38.20894,-121.97594,ang20171006t181027-H,684,155
1007345,38.2088,-121.98082,ang20171006t181027-I,276,75
1007345,38.20819,-121.97159,ang20171006t181633-B,220,46
1007345,38.21011,-121.97281,ang20171006t181633-E,47,28
1007345,38.20915,-121.97148,ang20171006t181633-F,233,48
1007345,38.2091,-121.97447,ang20171006t181633-G,156,44
1007345,38.20819,-121.97159,ang20171006t182247-B,77,10
1007345,38.20915,-121.97148,ang20171006t182247-F,249,76
1007345,38.2091,-121.97447,ang20171006t182247-G,551,189
1007345,38.20894,-121.97594,ang20171006t182247-H,872,296
1007801,35.505609,-97.418842,GAO20220616t165635p0000-A,,
1007345,38.20915,-121.97148,ang20171006t182928-E,217,73
1007345,38.2091,-121.97447,ang20171006t182928-F,273,167
1007345,38.20894,-121.97594,ang20171006t182928-G,711,208
1007345,38.20891,-121.97733,ang20171006t182928-H,705,252
1007040,37.75884,-121.72513,ang20171006t184157-A,126,60
1007040,37.75914,-121.72799,ang20171006t184157-B,156,60
1007040,37.75932,-121.72378,ang20171006t184157-C,122,23
1007040,37.76176,-121.72824,ang20171006t184157-D,156,60
1007699,37.75517,-121.65536,ang20171006t184157-G,29,19
1007699,37.75462,-121.65456,ang20171006t184157-H,32,23
1007699,37.75703,-121.65263,ang20171006t184157-I,69,18
1007699,37.75744,-121.64973,ang20171006t184157-J,127,26
1007699,37.75704,-121.64866,ang20171006t184157-K,105,21
1007699,37.75448,-121.65651,ang20171006t184157-M,39,29
1007699,37.75436,-121.6572,ang20171006t184157-N,92,36
1007699,37.75645,-121.65736,ang20171006t184157-O,131,23
1007699,37.75645,-121.65736,ang20171006t184753-B,95,22
1007699,37.75668,-121.65688,ang20171006t184753-C,95,22
1007699,37.75556,-121.65523,ang20171006t184753-D,106,36
1007693,33.7954282,-117.46407,ang20200906t201706-1,651,335
1007699,37.75395,-121.65477,ang20171006t184753-E,16,7
1010392,33.175128,-84.845931,GAO20220427t163724p0000-B,648,291
1007699,37.75307,-121.65464,ang20171006t184753-G,29,16
1007693,33.795464,-117.46397,ang20200906t201706-A,636,327
1007040,37.75884,-121.72513,ang20171006t185335-A,620,132
1007040,37.75932,-121.72378,ang20171006t185335-C,620,132
1007040,37.75845,-121.72578,ang20171006t185335-F,620,132
1007699,37.75474,-121.65009,ang20171006t185335-M,44,18
1007699,37.75645,-121.65736,ang20171006t185335-S,171,116
1007699,37.75744,-121.64973,ang20171006t185335-T,177,39
1007699,37.75645,-121.65736,ang20171006t185859-A,58,15
1007699,37.75668,-121.65688,ang20171006t185859-B,58,15
1002107,33.7155468,-117.69852,ang20200919t221056-1,624,149
1007699,37.75556,-121.65523,ang20171006t185859-C,138,72
1007699,37.75285,-121.65606,ang20171006t185859-D,303,222
1007699,37.75408,-121.65636,ang20171006t185859-E,110,21
1007699,37.75436,-121.6572,ang20171006t185859-F,197,36
1007699,37.75304,-121.6482,ang20171006t185859-H,712,380
1007699,37.75696,-121.65262,ang20171006t185859-I,138,72
1007699,37.75744,-121.64973,ang20171006t185859-J,635,339
1007699,37.75704,-121.64866,ang20171006t185859-K,635,339
1007699,37.75448,-121.65651,ang20171006t185859-L,304,222
1007699,37.75252,-121.65626,ang20171006t185859-M,303,222
1007699,37.75344,-121.65533,ang20171006t185859-N,337,70
1007040,37.75845,-121.72578,ang20171006t190448-A,48,26
1007040,37.75914,-121.72799,ang20171006t190448-B,112,41
1007040,37.75932,-121.72378,ang20171006t190448-C,129,27
1007040,37.76174,-121.72847,ang20171006t190448-D,112,41
1007699,37.75696,-121.65262,ang20171006t190448-F,73,33
1007699,37.75744,-121.64973,ang20171006t190448-G,145,56
1007699,37.75704,-121.64866,ang20171006t190448-H,83,12
1007699,37.75448,-121.65651,ang20171006t190448-J,48,23
1007699,37.75645,-121.65736,ang20171006t190448-K,104,21
1007699,37.75556,-121.65523,ang20171006t190448-L,87,13
1007699,37.75448,-121.65651,ang20171006t191011-A,100,32
1007699,37.75645,-121.65736,ang20171006t191011-B,80,27
1007699,37.75668,-121.65688,ang20171006t191011-C,80,27
1007699,37.75556,-121.65523,ang20171006t191011-D,58,33
1007699,37.75285,-121.65606,ang20171006t191011-E,100,32
1007699,37.75408,-121.65636,ang20171006t191011-F,100,32
1007699,37.75286,-121.65666,ang20171006t191011-H,100,32
1007699,37.75252,-121.65626,ang20171006t191011-K,100,32
1007699,37.75344,-121.65533,ang20171006t191011-L,128,47
1007699,37.75696,-121.65262,ang20171006t191011-N,58,33
1006179,37.45825,-121.94126,ang20171006t213502-A,777,275
1006179,37.45932,-121.94299,ang20171006t213502-B,167,112
1006179,37.45775,-121.94499,ang20171006t213502-C,142,58
1006179,37.45946,-121.94697,ang20171006t213502-D,114,28
1007112,37.50221,-122.41101,ang20171006t215434-A,474,163
1007112,37.49839,-122.40765,ang20171006t215434-B,1160,480
1007112,37.50288,-122.41189,ang20171006t215434-C,429,163
1007112,37.50297,-122.41365,ang20171006t215434-D,490,167
1007112,37.50113,-122.41389,ang20171006t215434-E,623,208
1007112,37.50338,-122.41046,ang20171006t215434-F,302,122
1002992,34.436572,-118.65117,ang20200906t191856-A,558,96
1007112,37.49872,-122.41238,ang20171006t215434-G,431,250
1004550,36.70866,-121.76039,ang20171007t202134-A,66,23
1004550,36.71062,-121.76147,ang20171007t202134-B,471,142
1004550,36.71008,-121.75877,ang20171007t202134-C,165,103
1004550,36.70782,-121.75644,ang20171007t202134-E,97,37
1004550,36.70872,-121.75691,ang20171007t202134-F,121,55
1003679,34.32744,-118.5161,ang20200825t212944-A,550,278
1007128,36.52979,-121.40542,ang20171007t204208-A,57,24
1007128,36.52982,-121.40446,ang20171007t204208-B,98,34
1004743,34.405123,-118.99454,ang20200906t190951-A,546,271
1007128,36.53149,-121.40607,ang20171007t204208-C,52,17
1003679,34.33017,-118.51747,ang20171010t180512-A,295,169
1003679,34.32817,-118.52012,ang20171010t181011-A,177,106
1004743,34.4051074,-118.99514,ang20200804t213955-1,526,132
1003679,34.32656,-118.51716,ang20171010t181502-A,148,92
1003679,34.32666,-118.51714,ang20171010t181502-B,145,85
1003679,34.3281,-118.52022,ang20171010t190508-A,95,67
1003679,34.335147,-118.5191,ang20200708t192518-1,524,166
1003679,34.33456,-118.51933,ang20171010t191001-A,99,42
1003679,34.32562,-118.51385,ang20171010t191001-B,34,14
1003679,34.32857,-118.51114,ang20171010t191001-D,31,15
1006149,35.5082,-119.40716,ang20171010t204606-A,274,161
1006149,35.50856,-119.41064,ang20171010t204606-B,113,19
1007710,34.56867,-118.15364,ang20171012t174516-A,128,33
1002107,33.71585,-117.69817,ang20200830t202837-A,505,116
1004743,34.406694,-118.99218,ang20200720t200228-A,503,193
1003679,34.33468,-118.51928,ang20171016t175348-A,593,224
1003679,34.32547,-118.51546,ang20171016t175348-B,344,153
1004743,34.4066221,-118.99215,ang20200720t200228-1,495,181
1003679,34.32438,-118.50898,ang20171016t175348-C,578,221
1003679,34.32676,-118.51727,ang20171016t175805-A,63,20
1003679,34.32561,-118.51389,ang20171016t175805-B,88,27
1003679,34.32545,-118.51523,ang20171016t180222-A,118,21
1003679,34.33462,-118.51933,ang20171016t180222-B,334,83
1003679,34.3281,-118.52027,ang20171016t180708-B,91,22
1003679,34.32556,-118.51374,ang20171016t184829-A,146,29
1003679,34.33479,-118.51942,ang20171016t184829-B,559,203
1003679,34.32812,-118.51593,ang20171016t185239-A,145,71
1003679,34.32815,-118.5201,ang20171016t185239-B,195,49
1003679,34.33012,-118.51746,ang20171016t185239-C,70,27
1003679,34.33042,-118.51734,ang20171016t185727-A,453,197
1003679,34.32558,-118.51372,ang20171016t185727-B,158,35
1003679,34.32815,-118.52012,ang20171016t190200-A,271,90
1003679,34.32753,-118.51468,ang20171016t190200-B,51,14
1003679,34.33014,-118.51748,ang20171016t190200-C,53,15
1003679,34.32814,-118.51593,ang20171016t190200-D,89,36
1003679,34.33488,-118.51937,ang20171016t192933-A,362,133
1003679,34.32546,-118.51527,ang20171016t192933-B,245,73
1003679,34.32887,-118.51957,ang20171016t192933-C,192,41
1003679,34.32685,-118.51728,ang20171016t192933-D,160,61
1002107,33.718021,-117.70011,ang20200720t204136-A,466,112
1003679,34.32811,-118.52008,ang20171016t193422-A,815,305
1003679,34.32565,-118.51557,ang20171016t193422-C,44,14
1003679,34.33473,-118.51933,ang20171016t193822-A,444,191
1003679,34.32999,-118.51761,ang20171016t193822-B,120,30
1007693,33.7954683,-117.46394,ang20200906t201220-A,456,235
1003679,34.3253,-118.51572,ang20171016t193822-C,334,84
1003679,34.32689,-118.5174,ang20171016t193822-D,137,60
1003679,34.32814,-118.52012,ang20171016t194329-A,432,164
1003679,34.32645,-118.51128,ang20171016t194329-B,447,141
1003679,34.32546,-118.51523,ang20171016t194751-A,196,57
1007693,33.793339,-117.46271,ang20200919t220130-A,448,184
1003679,34.32812,-118.52013,ang20171016t195222-A,230,97
1003679,34.32716,-118.516,ang20171016t195222-B,347,116
1003679,34.32583,-118.51548,ang20171016t195636-A,149,63
1003679,34.33479,-118.51937,ang20171016t195636-B,564,229
1003679,34.32815,-118.52012,ang20171016t200053-A,109,36
1003679,34.32711,-118.51602,ang20171016t200053-B,123,60
1004743,34.40609,-118.99515,ang20171016t201123-A,1443,822
1004743,34.40404,-118.99511,ang20171016t201123-B,89,82
1004743,34.4051,-118.99399,ang20171016t201557-A,275,143
1004743,34.40761,-118.99769,ang20171016t201557-B,405,225
1004743,34.40539,-118.99576,ang20171016t201557-C,233,120
1004743,34.4052493,-118.99427,ang20200830t192756-1,434,170
1004743,34.40381,-118.99601,ang20171016t201557-E,95,53
1004743,34.40608,-118.99181,ang20171016t202039-A,288,252
1004743,34.40352,-118.99697,ang20171016t202039-B,181,103
1004743,34.40352,-118.99697,ang20171016t202454-A,204,153
1004743,34.40608,-118.99181,ang20171016t202454-B,1257,800
1004743,34.4036,-118.9962,ang20171016t202900-C,306,157
1004743,34.40751,-118.99379,ang20171016t202900-D,1467,857
1004743,34.4051,-118.99399,ang20171016t203319-A,202,151
1004743,34.40381,-118.99601,ang20171016t203319-B,308,176
1003679,34.327201,-118.51601,ang20200825t212126-A,421,167
1004743,34.40428,-118.99849,ang20171016t203319-C,31,18
1004743,34.40428,-118.99849,ang20171016t203726-A,241,139
1004743,34.40586,-118.99502,ang20171016t203726-E,1106,610
1004743,34.40586,-118.99502,ang20171016t204134-B,1087,686
1004743,34.40381,-118.99601,ang20171016t204134-C,438,304
1004743,34.40414,-118.99827,ang20171016t204547-B,162,113
1006149,35.510786,-119.40798,ang20200727t221033-A,414,99
1002107,33.7159695,-117.69798,ang20200906t202258-A,413,188
1004743,34.40381,-118.99601,ang20171016t204547-C,150,76
1004743,34.40586,-118.99502,ang20171016t204547-D,1446,927
1004743,34.40381,-118.99601,ang20171016t204936-B,127,63
1004743,34.4051,-118.99399,ang20171016t211444-A,272,135
1004743,34.40586,-118.99502,ang20171016t211444-B,793,270
1004743,34.40586,-118.99502,ang20171016t212056-A,919,308
1004743,34.40404,-118.99511,ang20171016t212056-B,170,42
1004743,34.40539,-118.99576,ang20171016t212508-B,428,181
1004743,34.40586,-118.99502,ang20171016t212901-A,326,112
1004743,34.4051,-118.99399,ang20171016t212901-B,158,40
1004743,34.40586,-118.99502,ang20171016t213300-A,297,99
1004743,34.4051,-118.99399,ang20171016t213300-B,262,116
1004743,34.40539,-118.99576,ang20171016t213656-B,242,96
1004743,34.4051,-118.99399,ang20171016t213656-C,124,48
1002106,33.49009,-117.62384,ang20171023t183733-A,36,20
1002106,33.49045,-117.62067,ang20171023t183733-B,55,32
1002106,33.48879,-117.62053,ang20171023t183733-C,33,20
1002106,33.48885,-117.62417,ang20171023t184406-A,67,39
1002106,33.4888,-117.62088,ang20171023t184406-B,10,6
1002106,33.48671,-117.62324,ang20171023t184406-C,27,16
1005042,38.311463,-121.82486,ang20200918t204940-A,397,75
1002107,33.72043,-117.70277,ang20171023t192818-A,1109,468
1002107,33.71964,-117.70456,ang20171023t192818-B,465,169
1002107,33.72164,-117.70116,ang20171023t192818-C,195,93
1002107,33.71674,-117.70502,ang20171023t193220-C,157,50
1002107,33.72043,-117.70277,ang20171023t193220-E,1293,582
1002107,33.71964,-117.70456,ang20171023t193220-F,467,226
1002107,33.71715,-117.7025,ang20171023t215031-A,83,73
1002107,33.71674,-117.70502,ang20171023t215031-B,141,88
1002107,33.71344,-117.70398,ang20171023t215031-C,264,174
1002107,33.72043,-117.70277,ang20171023t215031-D,709,457
1002107,33.70836,-117.70809,ang20171023t215031-F,204,135
1002107,33.7175254,-117.6962,ang20200720t204136-1,378,124
1002107,33.71715,-117.7025,ang20171023t215413-A,34,25
1002107,33.71621,-117.70243,ang20171023t215413-B,52,34
1002107,33.71344,-117.70398,ang20171023t215413-C,27,20
1002107,33.72043,-117.70277,ang20171023t215413-D,1000,649
1002107,33.71964,-117.70456,ang20171023t215413-E,198,163
1002107,33.70836,-117.70809,ang20171023t215413-F,39,27
1003679,34.326972,-118.51666,ang20200708t192518-A,366,69
1002107,33.72247,-117.69879,ang20171023t215413-G,54,33
1002107,33.71385,-117.706,ang20171023t215413-H,301,202
1003679,34.32806,-118.51599,ang20171026t215115-A,187,93
1003679,34.32884,-118.51944,ang20171026t215115-B,71,36
1003679,34.33357,-118.52219,ang20171026t215522-A,108,60
1003679,34.33051,-118.51768,ang20171026t215522-B,177,87
1003679,34.32817,-118.52014,ang20171026t215947-A,171,85
1003679,34.32682,-118.5173,ang20171026t215947-C,69,36
1002320,33.94049,-117.84846,ang20171108t175813-A,104,41
1002320,33.93932,-117.84296,ang20171108t175813-B,63,41
1002320,33.93995,-117.84145,ang20171108t175813-D,70,37
1002320,33.93873,-117.84134,ang20171108t175813-E,46,21
1002320,33.9415,-117.83898,ang20171108t175813-F,23,9
1002320,33.94125,-117.83168,ang20171108t180333-A,15,8
1002320,33.94153,-117.83103,ang20171108t180333-B,16,9
1002320,33.93771,-117.83093,ang20171108t180333-C,67,35
1006149,35.50812,-119.40904,ang20171113t191125-B,18,4
1006149,35.51068,-119.41098,ang20171113t191125-C,51,30
1006149,35.51068,-119.41098,ang20171113t203340-C,112,19
1006149,35.51068,-119.41098,ang20171113t215354-C,168,37
1006149,35.50856,-119.41064,ang20171113t215354-D,49,10
1004548,36.393379,-119.382122,ang20180821t200507-A,26,12
1004548,36.391841,-119.38044,ang20180821t200507-B,107,31
1004548,36.393827,-119.380172,ang20180919t190324-A,71,23
1004548,36.391695,-119.379387,ang20180919t190324-B,227,36
1003679,34.3280924,-118.51905,ang20200716t201734-A,337,111
1004548,36.393827,-119.380172,ang20180919t191334-A,123,54
1004548,36.391695,-119.379387,ang20180919t191334-B,159,51
1004548,36.393827,-119.380172,ang20180919t192216-A,35,18
1004548,36.391973,-119.378572,ang20180919t192216-B,101,21
1007040,37.758056,-121.727748,ang20180920t180956-A,61,36
1007040,37.759477,-121.727427,ang20180920t180956-B,266,87
1007699,37.75279,-121.655627,ang20180920t180956-D,57,11
1007699,37.756834,-121.648462,ang20180920t180956-E,209,68
1007040,37.758056,-121.727748,ang20180920t182324-B,479,126
1007040,37.759477,-121.727427,ang20180920t182324-C,479,126
1007040,37.760207,-121.722692,ang20180920t182324-D,331,89
1007699,37.750391,-121.657948,ang20180920t182324-E,281,71
1007699,37.753244,-121.65473,ang20180920t183722-A,27,9
1007040,37.758056,-121.727748,ang20180920t183722-B,207,44
1007699,37.750318,-121.657252,ang20180920t183722-C,298,80
1007040,37.759477,-121.727427,ang20180920t183722-D,207,44
1007699,37.756834,-121.648462,ang20180920t183722-F,163,34
1004011,37.997968,-121.934226,ang20180920t185005-A,169,92
1004011,37.998831,-121.935629,ang20180920t185005-B,159,80
1004011,37.997033,-121.935958,ang20180920t185005-C,464,200
1004011,37.99719,-121.936891,ang20180920t185005-D,327,142
1004011,37.995543,-121.935431,ang20180920t185005-E,711,253
1004011,37.992781,-121.938766,ang20180920t190207-A,517,223
1004011,37.998831,-121.935629,ang20180920t190207-B,163,51
1004011,37.997033,-121.935958,ang20180920t190207-C,351,108
1004011,37.997056,-121.936213,ang20180920t190207-D,380,92
1004011,37.995405,-121.936006,ang20180920t190207-E,279,82
1007345,38.210109,-121.972806,ang20180920t191240-A,400,122
1007345,38.210109,-121.972806,ang20180920t192430-A,670,230
1007345,38.210109,-121.972806,ang20180920t193536-A,818,383
1007112,37.498386,-122.407651,ang20180920t202937-A,151,64
1007112,37.500481,-122.412113,ang20180920t202937-B,109,69
1007112,37.50118,-122.40922,ang20180920t202937-C,216,142
1007112,37.498386,-122.407651,ang20180920t204112-A,188,80
1006149,35.5107681,-119.40802,ang20200715t175235-2,305,37
1007112,37.50118,-122.40922,ang20180920t204112-D,272,153
1007112,37.498386,-122.407651,ang20180920t205250-A,133,54
1007112,37.500656,-122.412447,ang20180920t205250-B,122,45
1007112,37.502709,-122.410825,ang20180920t205250-C,713,347
1007112,37.50118,-122.40922,ang20180920t205250-D,407,267
1004548,36.394067,-119.381049,ang20180922t194326-A,422,118
1006149,35.510814,-119.40794,ang20200727t215412-A,303,70
1004548,36.392356,-119.378759,ang20180922t194326-B,17,6
1004548,36.393827,-119.380172,ang20180922t195009-A,248,88
1004548,36.412806,-119.367076,ang20180922t195009-B,39,23
1003679,34.334556,-118.519683,ang20180922t221128-A,693,262
1003679,34.328168,-118.520114,ang20180922t221128-B,112,53
1003679,34.327001,-118.5174,ang20180922t221128-C,350,214
1003679,34.327288,-118.5161,ang20200716t201734-B,296,110
1003679,34.325478,-118.515477,ang20180922t221128-D,88,35
1003679,34.334556,-118.519683,ang20180922t221711-A,823,398
1003679,34.327935,-118.520374,ang20180922t221711-B,116,95
1003679,34.327339,-118.517598,ang20180922t221711-C,159,44
1003679,34.325478,-118.515477,ang20180922t221711-D,65,22
1007668,38.163702,-122.562459,ang20180927t184652-A,42,27
1007668,38.163702,-122.562459,ang20180927t185506-A,224,113
1007112,37.502709,-122.410825,ang20180927t191712-A,524,274
1007112,37.500195,-122.412071,ang20180927t191712-B,107,60
1007112,37.501451,-122.409377,ang20180927t191712-C,560,272
1007112,37.501918,-122.409181,ang20180927t192533-A,418,222
1007112,37.500754,-122.411403,ang20180927t192533-B,87,66
1007112,37.501937,-122.409132,ang20180927t192533-C,543,261
1007112,37.502709,-122.410825,ang20180927t193322-A,223,104
1006179,37.459461,-121.943333,ang20180927t195028-B,154,30
1006179,37.458969,-121.945939,ang20180927t195028-D,238,68
1002107,33.716887,-117.70191,ang20200811t200130-A,280,73
1006179,37.45936,-121.9432,ang20180927t200251-B,1673,906
1006179,37.458969,-121.945939,ang20180927t200251-D,1759,843
1006179,37.457143,-121.944568,ang20180927t200251-E,325,129
1002320,33.94178532,-117.8370573,ang20181001t173050-A,404,177
1002320,33.939634,-117.833445,ang20181001t173050-B,404,177
1002320,33.93829,-117.843507,ang20181001t173050-C,404,177
1002320,33.93829,-117.843507,ang20181001t173050-D,404,177
1002320,33.93795,-117.837136,ang20181001t173735-D,152,51
1002107,33.717428,-117.704123,ang20181001t174635-A,67,30
1002107,33.719093,-117.706075,ang20181001t174635-B,211,150
1002107,33.721353,-117.702361,ang20181001t174635-C,380,104
1002107,33.723105,-117.699426,ang20181001t174635-D,633,168
1002107,33.717428,-117.704123,ang20181001t175246-A,121,29
1006149,35.5105024,-119.40798,ang20200709t212243-1,270,137
1002107,33.719093,-117.706075,ang20181001t175246-B,85,42
1002107,33.721353,-117.702361,ang20181001t175246-C,526,175
1002107,33.723105,-117.699426,ang20181001t175246-D,422,108
1003679,34.334556,-118.519683,ang20181001t202630-A,833,319
1003679,34.328168,-118.520114,ang20181001t202630-B,177,91
1003679,34.327001,-118.5174,ang20181001t202630-C,405,117
1003679,34.325478,-118.515477,ang20181001t202630-D,116,84
1003679,34.334556,-118.519683,ang20181001t203231-A,1001,469
1003679,34.328139,-118.520272,ang20181001t203231-B,207,48
1003679,34.327001,-118.5174,ang20181001t203231-C,307,151
1007345,38.209173,-121.975285,ang20181005t183808-B,61,23
1007345,38.210109,-121.972806,ang20181005t183808-C,80,18
1002320,33.943224,-117.83354,ang20200720t203444-A,254,89
1007345,38.209173,-121.975285,ang20181005t184359-C,79,49
1007345,38.210109,-121.972806,ang20181005t184359-D,60,32
1007345,38.209173,-121.975285,ang20181005t184931-B,69,21
1007345,38.210109,-121.972806,ang20181005t184931-C,196,42
1002107,33.7177146,-117.70015,ang20200716t204525-1,250,99
1006179,37.458245,-121.941261,ang20181005t192348-B,1709,720
1006179,37.458969,-121.945939,ang20181005t192348-C,113,74
1006179,37.457773,-121.94467,ang20181005t192348-D,241,146
1006179,37.459525,-121.941676,ang20181005t192348-E,554,543
1006179,37.458969,-121.945939,ang20181005t192929-D,73,39
1006179,37.457773,-121.94467,ang20181005t192929-E,164,79
1006179,37.459557,-121.941255,ang20181005t192929-F,859,312
1006179,37.458245,-121.941261,ang20181005t193542-C,898,493
1006179,37.458969,-121.945939,ang20181005t193542-D,615,321
1006179,37.457773,-121.94467,ang20181005t193542-E,522,210
1006179,37.459557,-121.941255,ang20181005t193542-G,563,303
1006179,37.458245,-121.941261,ang20181005t194456-C,1286,434
1006179,37.458969,-121.945939,ang20181005t194456-D,150,26
1006179,37.457773,-121.94467,ang20181005t194456-E,89,79
1006179,37.459557,-121.941255,ang20181005t194456-F,629,564
1004011,37.998189,-121.93567,ang20181005t195739-A,201,84
1004011,37.998205,-121.936859,ang20181005t195739-B,138,40
1004011,37.996155,-121.93602,ang20181005t195739-C,415,89
1004011,37.996227,-121.933482,ang20181005t195739-D,502,126
1004011,37.998189,-121.93567,ang20181005t200331-A,205,71
1004011,37.998205,-121.936859,ang20181005t200331-B,234,52
1004011,37.996155,-121.93602,ang20181005t200331-C,265,102
1005717,29.921805,-90.23808,GAO20211026t175710p0000-A,232,72
1004011,37.996227,-121.933482,ang20181005t200331-D,53,16
1004011,37.998134,-121.935832,ang20181005t200940-A,95,12
1004011,37.99776,-121.936978,ang20181005t200940-B,147,29
1004011,37.995543,-121.935431,ang20181005t200940-C,589,160
1004011,37.996968,-121.935819,ang20181005t200940-D,118,115
1004010,37.881364,-121.188374,ang20181005t222416-D,266,118
1004010,37.878574,-121.190206,ang20181005t223055-A,317,48
1004010,37.878136,-121.18623,ang20181005t223055-B,852,406
1004010,37.879613,-121.187221,ang20181005t223055-C,597,287
1004010,37.881364,-121.188374,ang20181005t223055-D,438,243
1004037,38.520206,-121.187196,ang20181009t180043-B,247,66
1004037,38.518615,-121.187787,ang20181009t180043-C,304,53
1004037,38.520206,-121.187196,ang20181009t180554-B,160,111
1004037,38.518615,-121.187787,ang20181009t180554-C,468,201
1004037,38.516449,-121.187477,ang20181009t180554-D,303,203
1004010,37.878807,-121.189306,ang20181009t200058-A,176,80
1004010,37.877816,-121.18673,ang20181009t200058-B,371,84
1004010,37.879613,-121.187221,ang20181009t200058-C,221,216
1004010,37.881364,-121.188374,ang20181009t200058-D,774,161
1004010,37.881364,-121.188374,ang20181009t200627-D,669,248
1007699,37.756592,-121.648265,ang20181009t215128-A,81,39
1007040,37.760207,-121.722692,ang20181009t215128-D,57,12
1007699,37.756592,-121.648265,ang20181009t215749-A,160,76
1007040,37.759477,-121.727427,ang20181009t215749-F,141,32
1004548,36.393851,-119.380252,ang20181010t194152-A,383,147
1004548,36.392758,-119.378661,ang20181010t194152-B,54,15
1004548,36.393597,-119.382178,ang20181010t194152-C,137,30
1004548,36.393827,-119.380172,ang20181010t194707-A,54,21
1002320,33.942302,-117.83338,ang20200811t195421-A,212,86
1003679,34.334556,-118.519683,ang20181010t211201-A,487,227
1003679,34.328168,-118.520114,ang20181010t211201-B,556,223
1003679,34.327001,-118.5174,ang20181010t211201-C,403,86
1003679,34.325478,-118.515477,ang20181010t211201-D,299,178
1003679,34.328645,-118.516057,ang20181010t211201-E,134,43
1003679,34.328847,-118.513754,ang20181010t211201-G,148,108
1003679,34.334556,-118.519683,ang20181010t211633-A,975,444
1003679,34.328168,-118.520114,ang20181010t211633-B,243,99
1003679,34.327001,-118.5174,ang20181010t211633-C,511,166
1003679,34.325478,-118.515477,ang20181010t211633-D,64,17
1002320,33.939634,-117.833445,ang20181010t221412-A,49,14
1002320,33.93829,-117.843507,ang20181010t221412-B,49,14
1002320,33.938419,-117.838131,ang20181010t221412-C,137,39
1002320,33.94178532,-117.8370573,ang20181010t221928-A,42,16
1002320,33.939634,-117.833445,ang20181010t221928-B,42,16
1002107,33.716611,-117.69936,ang20200814t191007-A,201,55
1006149,35.510759,-119.40794,ang20200924t213537-A,200,30
1002320,33.938524,-117.836858,ang20181010t221928-C,118,27
1002320,33.94178532,-117.8370573,ang20181010t221928-D,105,13
1002320,33.93829,-117.843507,ang20181010t221928-E,42,16
1007699,37.755134,-121.65895,GAO20201115t201750p0000-A,775,320
1003679,34.325815,-118.51556,ang20220228t215349-A,,
1007693,33.797174,-117.46173,ang20220302t182228-A,1033,517
1002107,33.7203344,-117.70327,ang20220302t195344-A,478,186
1003679,34.328494,-118.51611,ang20220302t184722-A,696,366
1004743,34.403933,-118.99706,ang20220302t185439-A,515,299
1007112,37.5025891,-122.41033,ang20220514t200013-A,,
1007693,33.796276,-117.46291,ang20220302t200003-A,649,252
1003679,34.3302,-118.51775,ang20220302t201838-A,597,168
1004743,34.405117,-118.99403,ang20220302t205915-A,1123,592
1003679,34.327481,-118.51805,ang20220308t221613-A,1385,535
1002107,33.715342,-117.70036,ang20220311t185338-A,719,307
1003679,34.325482,-118.51763,ang20220311t191344-A,1859,471
1004743,34.4037872,-118.9972,ang20220311t192131-A,550,144
1003679,34.325704,-118.51636,ang20220311t200606-A,1290,529
1002107,33.720566,-117.70483,ang20220311t202515-A,857,323
1003679,34.327324,-118.51638,ang20220311t205203-A,1583,326
1004743,34.403755,-118.9972,ang20220311t205920-A,1121,304
1003679,34.325722,-118.51592,ang20220311t214308-A,3311,905
1007693,33.7967482,-117.46364,ang20220318t183050-A,818,312
1005717,29.9312745,-90.253384,GAO20210506t182124p0000-2,473,69
1004037,38.518135,-121.18776,GAO20201120t191548p0000-A,473,315
1002107,33.715904,-117.70379,ang20200811t200130-B,182,61
1004550,36.709719,-121.76139,GAO20201115t181309p0000-A,464,219
1004743,34.405178,-118.99279,ang20220318t190518-A,713,212
1004743,34.404972,-118.99269,ang20220318t195813-A,511,143
1004010,37.881167,-121.18666,GAO20201115t203231p0000-A,456,259
1003679,34.3283762,-118.52138,ang20220318t200606-B,,
1004550,36.7064781,-121.75763,GAO20211107t185840p0000-A,456,343
1007693,33.7964286,-117.46191,ang20220318t202431-A,,
1002951,43.055464,-77.936804,GAO20210815t133815p0000-B,,
1007112,37.504692,-122.40881,ang20220514t195506-B,,
1002107,33.720606,-117.70422,ang20220401t212926-A,437,151
1004743,34.406525,-118.99212,ang20220318t213136-A,872,337
1003679,34.32772,-118.51737,ang20220318t214057-A,941,400
1002107,33.718309,-117.70318,GAO20211111t204558p0000-A,436,196
1004487,34.136765,-84.042897,GAO20220425t151201p0000-D,,
1004352,36.371824,-114.85761,ang20220401t191621-C,653,209
1006899,29.830701,-95.240665,ang20220610t194646-A,424,126
1004487,34.136754,-84.042905,GAO20220425t151656p0000-A,,
1007691,40.27536,-79.992332,GAO20210514t144546p0000-1,417,217
1003679,34.327882,-118.5168,ang20220401t214726-A,1445,452
1006179,37.458775,-121.94243,ang20220406t181817-A,6471,3207
1004011,37.995263,-121.93738,ang20220406t184200-A,790,292
1007112,37.4989885,-122.41201,ang20220406t192150-A,,
1006179,37.45678,-121.9424,ang20220406t193219-A,1374,694
1003679,34.335794,-118.51904,ang20220424t202503-A,,
1003679,34.325628,-118.51896,ang20220424t202503-C,1626,479
1004743,34.4039908,-118.99583,ang20220424t203219-A,515,143
1005717,29.9376311,-90.263031,GAO20210506t181508p0000-2,417,239
1007693,33.7976664,-117.46247,ang20220401t212206-A,408,222
1006179,37.458161,-121.94073,ang20220514t181218-A,3375,905
1006179,37.45809,-121.94027,ang20220514t182158-A,3669,1068
1002107,33.716176,-117.70329,ang20200720t204136-B,167,64
1004011,37.9939842,-121.93682,ang20220514t190216-A,489,88
1004011,37.993923,-121.93864,ang20220514t190736-A,640,167
1004011,37.998189,-121.93671,ang20220514t190736-B,1553,644
1007112,37.499975,-122.4084,ang20220514t195506-A,,
1002107,33.715349,-117.699,ang20220318t203132-A,400,104
1005717,29.931215,-90.253519,ang20220604t155809-A,2731,580
1005717,29.935104,-90.262639,ang20220604t155809-B,6131,2306
1005493,30.602954,-91.231627,ang20220604t171218-A,5030,1737
1006899,29.828238,-95.234547,ang20220607t201015-A,2887,459
1006899,29.83074,-95.241767,ang20220607t201015-B,973,197
1007800,29.949144,-95.232315,ang20220607t201504-A,821,313
1007800,29.95227,-95.233173,ang20220607t201504-B,,
1007684,29.6814,-94.918509,ang20220607t210726-A,,
1007684,29.674622,-94.913917,ang20220607t210726-B,,
1004487,34.13682,-84.042887,GAO20220423t150922p0000-C,,
1006899,29.827848,-95.234223,ang20220610t194646-B,,
1007800,29.952811,-95.236423,ang20220610t195414-A,,
1007800,29.952146,-95.233298,ang20220610t195414-B,3944,1104
1007800,29.949042,-95.232207,ang20220610t195414-C,1082,343
1003646,29.428065,-95.190582,ang20220610t201320-A,4376,1829
1005493,30.602769,-91.231887,ang20220614t174029-A,2130,668
1005717,29.935347,-90.263499,ang20220615t170720-A,,
1004743,34.4058413,-118.99327,ang20200716t200550-A,158,81
1004011,37.9920316,-121.93943,GAO20201120t185304p0000-3,384,217
1004037,38.5182932,-121.18781,GAO20201115t195429p0000-2,378,181
1003646,29.427967,-95.190812,ang20220617t181518-B,821,301
1007800,29.951287,-95.232666,ang20220617t190047-A,701,362
1007800,29.95287,-95.232735,ang20220617t191847-A,630,332
1004743,34.4047929,-118.99537,GAO20201111t175225p0000-1,372,212
1004850,40.97072,-82.485041,ang20220630t163400-D,,
1007797,30.4813067,-90.823766,GAO20210506t170356p0000-1,366,118
1007699,37.757233,-121.65948,GAO20201115t201750p0000-1,364,274
1004743,34.405234,-118.99216,ang20220318t205907-A,364,187
1010392,33.177012,-84.850477,GAO20220427t163724p0000-A,362,184
1003679,34.327091,-118.51628,ang20220318t185710-A,358,145
1004011,37.997333,-121.93484,ang20220514t190216-B,356,129
1002276,40.820732,-82.870055,ang20220630t203229-A,355,185
1002107,33.720865,-117.7032,ang20220302t182946-B,351,190
1004550,36.709896,-121.76283,GAO20201112t181508p0000-A,331,141
1002107,33.718217,-117.7005,ang20200830t202837-B,141,57
1006149,35.5107605,-119.40795,ang20200903t205931-A,140,26
1004850,40.9713084,-82.480328,ang20220630t163400-B,330,83
1003601,42.164597,-83.207467,ang20220630t143313-A,2236,527
1007745,42.762924,-82.746817,ang20220630t144452-A,,
1004497,42.905407,-82.591398,ang20220630t145143-A,,
1008034,42.402084,-83.553195,ang20220630t151457-A,,
1003582,42.262317,-83.433016,ang20220630t152222-A,2681,613
1003687,42.269862,-83.453896,ang20220630t152222-C,,
1003732,43.2131763,-78.974383,GAO20210815t135403p0000-B,324,292
1007693,33.797241,-117.4615,GAO20211111t205931p0000-B,320,127
1007969,41.31046,-82.1732,ang20220630t162531-A,573,125
1004850,40.972887,-82.483583,ang20220630t163400-A,1092,264
1010392,33.177082,-84.850196,GAO20220427t163220p0000-A,312,148
1004399,40.49834,-81.51725,ang20220630t165936-B,,
1006777,40.427386,-80.917378,ang20220630t170635-A,1353,294
1003102,40.9943833,-80.534384,ang20220630t171928-A,620,198
1003102,40.9967412,-80.53264,ang20220630t171928-B,716,252
1003102,40.996169,-80.52876,ang20220630t171928-C,1187,321
1006777,40.428551,-80.919883,ang20220630t174018-A,1732,278
1006777,40.427034,-80.914707,ang20220630t174018-C,,
1004399,40.497623,-81.520797,ang20220630t174841-A,4099,1139
1003102,40.993305,-80.528714,ang20220630t194620-B,548,119
1003102,40.992976,-80.533628,ang20220630t194620-C,,
1006777,40.42748,-80.918231,ang20220630t195902-A,2073,650
1004399,40.496028,-81.522057,ang20220630t200716-A,,
1004850,40.97378,-82.483484,ang20220630t202314-A,1325,223
1002107,33.716065,-117.69866,ang20220318t183727-A,311,89
1007969,41.308802,-82.170455,ang20220630t205522-A,2394,808
1002107,33.720787,-117.70411,ang20220318t183727-B,306,101
1007558,32.8523606,-117.16521,ang20220401t205816-B,301,118
1004011,37.994022,-121.93863,GAO20201115t201040p0000-A,294,90
1004550,36.709555,-121.76229,GAO20201112t181145p0000-A,290,132
1007745,42.755217,-82.749664,GAO20210815t153645p0000-A,287,201
1007817,37.185747,-121.66914,GAO20201115t182415p0000-1,283,138
1007558,32.850611,-117.16658,ang20220401t205816-A,283,95
1002107,33.712135,-117.70833,GAO20201114t184338p0000-1,280,86
1002107,33.7194921,-117.7064,GAO20201111t190112p0000-1,2474,662
1002107,33.7195741,-117.70625,GAO20201111t190435p0000-1,1776,495
1006179,37.458037,-121.94483,GAO20201112t183426p0000-A,1081,610
1006179,37.460606,-121.94507,GAO20201112t183426p0000-D,3042,1647
1006179,37.460606,-121.94507,GAO20201112t183816p0000-A,2286,1132
1006179,37.4580513,-121.94493,GAO20201112t183816p0000-C,614,290
1007112,37.499179,-122.41109,GAO20201112t184601p0000-A,1324,644
1007345,38.214296,-121.98144,GAO20201112t192439p0000-C,627,264
1002107,33.718147,-117.70412,GAO20211110t191107p0000-B,260,106
1003911,40.022167,-105.00796,GAO20210925t173847p0000-A,258,144
1004011,37.992381,-121.93924,GAO20201112t200252p0000-C,2615,752
1002107,33.7157519,-117.69733,ang20220302t182946-A,253,121
1002107,33.719749,-117.70405,GAO20201114t184022p0000-B,1397,610
1002107,33.719284,-117.70351,GAO20201114t184338p0000-B,1454,754
1007693,33.798277,-117.46534,GAO20201114t184906p0000-1,855,448
1006179,37.45897,-121.94198,GAO20201115t183326p0000-B,2273,1210
1006179,37.458344,-121.94461,GAO20201115t183718p0000-A,2042,1054
1007112,37.500184,-122.41177,GAO20201115t184615p0000-B,1814,1140
1007040,37.7587901,-121.72696,ang20220514t183955-A,240,90
1005042,38.3145126,-121.82711,GAO20201115t193521p0000-1,617,170
1003679,34.3274306,-118.52007,ang20200708t192518-2,116,74
1004497,42.904927,-82.594236,GAO20210815t153248p0000-A,238,114
1004037,38.520343,-121.18567,GAO20201115t195429p0000-A,790,203
1004037,38.5155284,-121.19257,GAO20201120t191548p0000-1,231,89
1003687,42.2690187,-83.457429,GAO20210815t155502p0000-C,227,67
1002107,33.7219934,-117.7019,GAO20201117t184543p0000-1,2382,1165
1002107,33.719753,-117.70095,GAO20201117t184543p0000-A,1451,467
1002107,33.719883,-117.70339,GAO20201117t184543p0000-B,1676,666
1002107,33.719104,-117.70618,GAO20201117t184543p0000-C,597,206
1004010,37.8790057,-121.18599,GAO20201120t182953p0000-2,1417,424
1004850,40.9658311,-82.48597,ang20220630t163400-C,220,67
1003911,40.021997,-105.00802,GAO20210722t162645p0000-A,220,59
1003911,40.022029,-105.00783,GAO20210922t172413p0000-A,218,110
1002107,33.712151,-117.70851,GAO20201117t184152p0000-A,209,124
1004010,37.8788443,-121.18604,GAO20201120t202702p0000-2,1595,767
1002320,33.941588,-117.83386,GAO20201114t183507p0000-1,206,128
1005717,29.931344,-90.253389,GAO20210506t181508p0000-1,875,168
1005717,29.933745,-90.260272,GAO20210506t182124p0000-1,1344,687
1003911,40.022255,-105.00806,GAO20210715t161842p0000-A,200,76
1006064,30.868467,-92.603939,GAO20210508t152018p0000-1,490,197
1002476,30.2723745,-92.864893,GAO20210508t153858p0000-1,,
1006261,41.4260187,-75.581762,GAO20210511t150535p0000-1,603,108
1007880,40.5865875,-104.8233,GAO20210712t153850p0000-A,199,56
1002556,40.1738227,-75.898597,GAO20210511t154329p0000-1,591,161
1003456,40.2122954,-80.271228,GAO20210513t152129p0000-1,583,234
1003456,40.210998,-80.272652,GAO20210513t153658p0000-2,1013,381
1002320,33.940615,-117.82939,GAO20211110t185911p0000-A,194,98
1004352,36.3705251,-114.86443,ang20220401t191621-B,191,79
1002951,43.0565179,-77.933738,GAO20210815t133815p0000-A,187,125
1002035,40.812326,-80.082004,GAO20210518t143003p0000-1,671,524
1004010,37.8773161,-121.18951,GAO20201112t202217p0000-A,185,117
1002107,33.7120933,-117.70852,GAO20201114t184022p0000-1,176,85
1003582,42.2608049,-83.432985,GAO20210815t155502p0000-A,176,43
1006044,39.852353,-104.75564,GAO20210719t154431p0000-A,174,79
1002107,33.7181615,-117.70407,GAO20211110t190751p0000-B,174,64
1003198,34.159472,-118.19327,GAO20211111t203239p0000-A,173,71
1007816,34.3014181,-118.7929,GAO20201111t180024p0000-A,171,108
1007880,40.584812,-104.82296,GAO20210718t152410p0000-A,170,76
1003911,40.0220537,-105.00797,GAO20210922t171315p0000-A,169,87
1004037,38.517037,-121.1855,GAO20201112t194830p0000-B,166,35
1002276,40.8201496,-82.87085,ang20220630t164245-A,165,8
1003732,43.210282,-78.974627,GAO20210815t135403p0000-A,565,374
1003911,40.0221753,-105.00802,GAO20210925t172929p0000-A,165,100
1003679,34.32717,-118.51622,ang20220318t200606-A,163,68
1003582,42.2633732,-83.43078,GAO20210815t155502p0000-B,163,48
1003695,41.5175944,-84.585466,ang20220630t155159-A,161,58
1004406,34.83609,-117.02033,GAO20201111t200553p0000-A,154,48
1003646,29.424565,-95.191949,ang20220617t181518-A,154,93
1005042,38.3103168,-121.82929,GAO20201112t192912p0000-A,151,30
1003679,34.3324901,-118.51745,GAO20201111t181543p0000-A,144,99
1003679,34.3273239,-118.51612,ang20220318t205055-C,141,82
1004352,36.3774107,-114.85621,ang20220502t195444-F,136,82
1003911,40.0218104,-105.00802,GAO20210722t161650p0000-A,136,43
1007709,39.6614823,-104.69196,GAO20210722t153405p0000-A,134,28
1002107,33.71575,-117.69968,GAO20211110t190751p0000-A,132,69
1007709,39.662373,-104.6856,GAO20210719t154818p0000-B,131,73
1003818,40.913096,-111.91988,GAO20200802t183346p0000-A,130,56
1007693,33.794237,-117.47493,GAO20211110t191706p0000-B,129,88
1008034,42.404707,-83.558442,GAO20210815t155200p0000-A,125,40
1006179,37.457786,-121.94181,GAO20211107t191515p0000-A,3933,1499
1007699,37.751353,-121.65539,GAO20211107t193924p0000-A,552,171
1004011,37.995027,-121.93652,GAO20211107t194659p0000-A,1417,492
1007345,38.2157139,-121.98112,GAO20211107t202534p0000-A,,
1003679,34.327106,-118.51633,ang20200830t195953-A,86,35
1007521,42.095014,-83.432541,ang20220630t153039-A,125,30
1007709,39.662612,-104.6895,GAO20210719t154818p0000-A,121,67
1003911,40.022167,-105.00805,GAO20210927t170952p0000-A,117,54
1004352,36.3773429,-114.86371,ang20220502t195444-B,117,63
1004550,36.70852,-121.75807,GAO20201112t181145p0000-2,114,82
1007691,40.275656,-79.992427,GAO20210514t145741p0000-1,113,63
1002320,33.9408787,-117.83623,ang20200906t195820-B,80,35
1007691,40.246147,-79.886411,GAO20210514t153248p0000-1,109,60
1003911,40.022268,-105.00778,GAO20210715t160842p0000-A,106,60
1007800,29.9495503,-95.232851,ang20220617t191847-B,104,48
1004743,34.405234,-118.99369,GAO20211110t182100p0000-A,945,495
1002107,33.718939,-117.70631,ang20200906t202258-B,76,52
1003679,34.327628,-118.51759,GAO20211110t184559p0000-A,1981,752
1007693,33.796028,-117.46163,GAO20211110t191706p0000-A,530,288
1004352,36.3717407,-114.87199,ang20220401t191621-A,92,29
1004743,34.405823,-118.99368,GAO20211110t201354p0000-A,894,372
1000291,40.14757,-79.853657,GAO20210514t154124p0000-1,92,52
1004743,34.4035022,-118.99821,GAO20211111t200421p0000-A,1029,276
1004352,36.3771808,-114.85993,ang20220502t195444-D,91,53
1003679,34.328115,-118.51679,GAO20211111t202646p0000-A,1447,233
1003471,40.7471973,-112.04416,GAO20200802t173243p0000-B,90,44
1004406,34.8362117,-117.02033,GAO20201111t200854p0000-A,89,33
1002107,33.7144022,-117.69901,GAO20211111t205341p0000-A,753,360
1002107,33.719211,-117.70443,GAO20211111t205341p0000-B,568,207
1007693,33.7940994,-117.47527,GAO20211111t205931p0000-A,1043,501
1003818,40.9102944,-111.91848,GAO20200730t165715p0000-B,87,42
1003911,40.0220132,-105.00797,GAO20210719t163238p0000-A,87,32
1003911,40.0220132,-105.00807,GAO20210719t164255p0000-A,86,35
1002320,33.9406669,-117.83136,GAO20211111t204045p0000-A,84,61
1003471,40.746592,-112.03948,GAO20200802t173243p0000-A,81,45
1002992,34.431722,-118.6489,GAO20211111t201613p0000-A,76,52
1007040,37.759599,-121.72758,ang20220514t182953-A,73,25
1003911,40.0220943,-105.00797,GAO20210717t161437p0000-A,71,51
1007709,39.6624568,-104.69248,GAO20210718t193403p0000-B,71,20
1002831,33.510276,-111.77315,GAO20200808t180538p0000-A,68,20
1002107,33.71575,-117.69968,GAO20211110t191107p0000-A,64,42
1006044,39.8545,-104.75609,GAO20210719t154431p0000-B,63,30
1007345,38.213614,-121.9786,GAO20201115t193054p0000-A,63,28
1004037,38.5185054,-121.18842,GAO20201112t194830p0000-A,59,23
1007345,38.2135694,-121.97857,GAO20201120t201328p0000-A,49,10
1007709,39.6637934,-104.69195,GAO20210718t193403p0000-A,32,9
1003911,40.0208369,-105.01308,GAO20210925t173847p0000-B,28,15
1007345,38.2132873,-121.97878,GAO20201120t185905p0000-A,26,25
1007857,25.858422,-80.35176,GAO20220410t153353p0000-A,3352,1010
1007857,25.8573,-80.352214,GAO20220410t153846p0000-B,2000,807
1007219,27.3845827,-80.394477,GAO20220410t163143p0000-A,,
1002899,27.202179,-82.394735,GAO20220411t144700p0000-A,2149,575
1004913,27.475355,-82.443531,GAO20220411t145217p0000-B,2513,798
1006859,28.0220801,-81.847067,GAO20220411t152717p0000-A,,
1008215,28.474502,-81.225103,GAO20220411t154718p0000-A,4771,1437
1003619,27.344635,-80.681285,GAO20220412t140119p0000-A,,
1003619,27.344216,-80.680963,GAO20220412t140515p0000-A,,
1007857,25.857411,-80.351967,GAO20220413t135259p0000-A,1664,430
1002646,33.708213,-87.058419,GAO20220419t151809p0000-A,5079,1409
1004256,33.994896,-85.169237,GAO20220420t144003p0000-A,,
1004256,33.998294,-85.178777,GAO20220420t144003p0000-B,2822,930
1006328,34.277374,-84.391936,GAO20220420t145421p0000-A,,
1006328,34.2744278,-84.393373,GAO20220420t145421p0000-B,,
1004487,34.13589,-84.039401,GAO20220420t150445p0000-A,6039,1938
1005638,33.659868,-84.257694,GAO20220420t151850p0000-A,3559,723
1002478,33.237823,-84.120631,GAO20220420t153455p0000-A,,
1010392,33.1776936,-84.848247,GAO20220420t154819p0000-A,,
1006790,33.6064817,-86.522522,GAO20220420t162228p0000-A,,
1004014,33.716204,-86.857003,GAO20220420t163428p0000-A,2560,720
1004014,33.718414,-86.859086,GAO20220422t145057p0000-A,3843,1622
1002646,33.7111664,-87.059066,GAO20220422t145505p0000-A,,
1004256,33.99767,-85.177389,GAO20220423t144326p0000-A,4635,1310
1004256,33.995803,-85.178308,GAO20220423t144326p0000-B,2684,1044
1006328,34.278408,-84.394606,GAO20220423t145824p0000-A,,
1006328,34.277916,-84.391508,GAO20220423t145824p0000-B,,
1006328,34.274359,-84.391185,GAO20220423t145824p0000-C,1706,759
1003710,34.328778,-84.24369,GAO20220423t150112p0000-B,,
1004487,34.135555,-84.03766,GAO20220423t150922p0000-B,3205,1827
1006044,39.8511886,-104.75729,GAO20210722t153023p0000-A,24,9
1005638,33.657987,-84.25611,GAO20220423t152533p0000-A,1977,739
1002478,33.240265,-84.121897,GAO20220423t154203p0000-A,3571,1517
1006790,33.60347,-86.521941,GAO20220423t162639p0000-A,1507,384
1004014,33.71666,-86.858769,GAO20220423t164438p0000-C,4153,1394
1007082,33.18562,-86.698219,GAO20220423t165615p0000-A,,
1004487,34.135435,-84.037699,GAO20220425t151201p0000-A,1953,681
1004487,34.136976,-84.034457,GAO20220425t151201p0000-B,1944,916
1004487,34.135219,-84.03704,GAO20220425t151656p0000-B,1919,612
1004487,34.1377,-84.038589,GAO20220425t151656p0000-C,,
1005638,33.658484,-84.257348,GAO20220425t153114p0000-A,1999,752
1005638,33.660368,-84.255982,GAO20220425t153114p0000-B,3122,1583
1002478,33.237053,-84.116976,GAO20220425t154813p0000-A,2356,786
1004256,33.996324,-85.178355,GAO20220425t161927p0000-A,3002,794
1006790,33.605171,-86.519297,GAO20220425t172418p0000-B,,
1002478,33.235213,-84.117858,GAO20220427t151110p0000-B,,
1005638,33.662517,-84.259379,GAO20220427t152631p0000-A,998,353
1004487,34.136242,-84.039531,GAO20220427t154512p0000-A,3386,1518
1003710,34.329013,-84.243224,GAO20220427t155448p0000-A,,
1003710,34.330252,-84.245359,GAO20220427t155448p0000-B,883,599
1006328,34.277672,-84.391611,GAO20220427t155812p0000-A,907,553
1006328,34.274024,-84.391304,GAO20220427t155812p0000-B,1701,1097
1004256,33.996632,-85.177973,GAO20220427t161302p0000-A,1712,342
1004256,33.994301,-85.176268,GAO20220427t161302p0000-B,1565,369
1006790,33.603382,-86.522151,GAO20220427t171548p0000-A,2339,486
1004014,33.713443,-86.85814,GAO20220427t172907p0000-A,3687,895
1002646,33.708199,-87.058978,GAO20220427t173434p0000-A,2430,526
1002646,33.709812,-87.057043,GAO20220427t173434p0000-B,1449,524
1007082,33.18504,-86.698149,GAO20220427t175123p0000-A,981,307
1007082,33.182215,-86.696944,GAO20220427t175123p0000-B,,
1004245,33.245204,-87.652852,GAO20220428t172238p0000-A,894,211
1007082,33.184763,-86.697575,GAO20220428t174036p0000-A,,
1002646,33.708983,-87.058095,GAO20220429t170705p0000-A,,
1004014,33.715211,-86.856396,GAO20220429t173419p0000-A,1735,731
1005493,30.6045335,-91.23648,GAO20220506t163853p0000-A,,
1005493,30.6041094,-91.23083,GAO20220506t163853p0000-B,,
1005493,30.602739,-91.231783,GAO20220506t163853p0000-C,2656,1017
1005493,30.6017089,-91.2331,GAO20220506t163853p0000-D,,
1005493,30.602415,-91.233115,GAO20220506t164919p0000-B,,
1005493,30.604018,-91.235258,GAO20220506t173302p0000-A,,
1005493,30.604058,-91.230818,GAO20220506t173302p0000-B,,
1005493,30.6022861,-91.233747,GAO20220506t173302p0000-C,,
1005493,30.601371,-91.230779,GAO20220506t173302p0000-D,,
1007801,35.499334,-97.412169,GAO20220616t165635p0000-B,,
1007801,35.499421,-97.412319,GAO20220616t170133p0000-A,,
1007801,35.503848,-97.409076,GAO20220616t170133p0000-B,,
1002276,40.818272,-82.872506,GAO20220720t140540p0000-A,,
1004850,40.972769,-82.482489,GAO20220720t141304p0000-A,,
1007969,41.310718,-82.170058,GAO20220720t143028p0000-A,,
1007969,41.306695,-82.168577,GAO20220721t140940p0000-A,5024,1741
1006103,41.343552,-82.596305,GAO20220721t141928p0000-A,,
1003582,42.261683,-83.431114,GAO20220721t144724p0000-A,4443,1219
1003582,42.262308,-83.433222,GAO20220721t144724p0000-B,,
1007745,42.756221,-82.74708,GAO20220721t150946p0000-A,,
1006777,40.427485,-80.916771,GAO20220722t144241p0000-B,,
1006777,40.427275,-80.914069,GAO20220722t144241p0000-C,,
1006777,40.429243,-80.911443,GAO20220722t144241p0000-D,,
1006777,40.4274362,-80.916921,GAO20220722t144822p0000-A,,
1006777,40.428387,-80.912598,GAO20220722t144822p0000-B,,
1004815,39.133561,-82.476506,GAO20220722t152704p0000-B,,
1004815,39.136196,-82.474186,GAO20220722t152704p0000-E,,
1006383,39.082421,-82.956074,GAO20220722t153736p0000-A,3608,1062
1004856,39.269993,-84.600287,GAO20220722t161649p0000-A,,
1004856,39.2680632,-84.598521,GAO20220722t161649p0000-B,,
1004856,39.2694234,-84.5972,GAO20220722t161649p0000-C,,
1004856,39.271581,-84.598301,GAO20220722t161649p0000-E,,
1002107,33.719523,-117.697688,ang20220916t210907-A,79,36
1004118,34.977474,-78.461023,ang20220923t154354-A,4686,1914
1004118,34.977501,-78.461035,ang20220923t160034-A,,
1003481,34.792499,-78.912928,ang20220924t173536-A,336,156
1003099,35.338597,-80.65685,ang20220926t150209-A,1620,669
1003099,35.348774,-80.662871,ang20220926t150209-B,741,282
1004831,35.339301,-79.968115,ang20220926t152458-A,1687,741
1002236,35.010412,-80.16051,ang20220926t153257-A,525,312
1002236,35.007082,-80.16475,ang20220926t153257-B,1443,867
1003481,34.792158,-78.90997,ang20220926t163717-A,688,262
1004831,35.340792,-79.970014,ang20220927t162434-A,,
1004831,35.340101,-79.964417,ang20220927t162434-C,,
1002236,35.012531,-80.161765,ang20220927t163130-A,1804,758
1003099,35.340857,-80.65764,ang20220927t164918-B,1453,436
1007044,35.914582,-81.596468,ang20220927t173614-A,764,337
1004848,36.598554,-82.147116,ang20220927t175402-A,1439,405
1007044,35.920072,-81.594986,ang20221008t150226-A,598,444
1003099,35.338855,-80.660344,ang20221008t153949-A,4730,884
1002236,35.01001,-80.163996,ang20221008t155515-A,,
1004831,35.335675,-79.96604,ang20221008t160111-A,,
1003544,38.405684,-82.018927,ang20221014t151908-A,1565,285
1004483,38.395593,-82.814155,ang20221014t155133-A,,
1003104,40.147615,-80.639594,ang20221016t175950-A,,
1003104,40.148031,-80.642277,ang20221016t175950-B,,
1001844,39.894881,-79.836115,ang20221024t154032-A,985,290
1003102,40.994604,-80.534108,GAO20220909t151553p0000-A,2541,772
1003102,40.994487,-80.529824,GAO20220909t151553p0000-B,2098,754
1003102,40.994383,-80.530948,GAO20220909t152319p0000-B,2250,902
1003102,40.992753,-80.534009,GAO20220909t152319p0000-A,2430,595
1003102,40.994552,-80.530825,GAO20220909t153100p0000-B,1494,739
1003102,40.993251,-80.530494,GAO20220909t153905p0000-A,2677,989
1006777,40.428261,-80.913429,GAO20220909t155512p0000-C,,
1006777,40.430166,-80.920844,GAO20220909t155512p0000-A,,
1006777,40.427475,-80.918203,GAO20220909t155512p0000-B,,
1004399,40.496422,-81.519136,GAO20220909t160426p0000-A,2812,626
1004399,40.495616,-81.519929,GAO20220909t160928p0000-A,2618,749
1006777,40.427931,-80.919901,GAO20220909t161902p0000-A,,
1006777,40.42818,-80.913542,GAO20220909t161902p0000-B,,
1006777,40.428169,-80.913507,GAO20220909t162622p0000-B,,
1006777,40.427767,-80.919309,GAO20220909t162622p0000-A,,
1004399,40.495864,-81.520508,GAO20220909t163537p0000-A,2449,694
1004399,40.495585,-81.519697,GAO20220909t164038p0000-A,1752,717
1006777,40.427464,-80.916116,GAO20220909t165024p0000-C,,
1006777,40.427962,-80.920005,GAO20220909t165024p0000-A,,
1006777,40.427621,-80.917808,GAO20220909t165024p0000-B,,
1004399,40.497085,-81.523244,GAO20220909t170347p0000-B,4632,1292
1004399,40.49856,-81.521592,GAO20220909t170347p0000-A,4075,1177
1004399,40.49555,-81.518868,GAO20220909t170908p0000-B,1271,436
1004399,40.498616,-81.521442,GAO20220909t170908p0000-A,2496,628
1004399,40.495475,-81.518555,GAO20220909t171414p0000-A,1103,518
1004399,40.496905,-81.521253,GAO20220909t171414p0000-B,2224,564
1007969,41.312109,-82.169583,GAO20220909t173206p0000-B,983,466
1007969,41.305732,-82.169299,GAO20220909t173206p0000-A,575,228
1007969,41.30942,-82.171501,GAO20220909t180951p0000-A,2350,1236
1007969,41.307536,-82.173778,GAO20220909t180951p0000-B,1212,790
1007969,41.306076,-82.169536,GAO20220909t181502p0000-A,556,269
1007969,41.310489,-82.169656,GAO20220909t181502p0000-C,865,655
1007969,41.307568,-82.17377,GAO20220909t181502p0000-D,1467,891
1007969,41.310141,-82.174233,GAO20220909t181502p0000-B,3091,1290
1007969,41.306119,-82.169693,GAO20220909t182005p0000-A,1390,553
1007969,41.310023,-82.17125,GAO20220909t182005p0000-B,1917,896
1007969,41.307669,-82.173751,GAO20220909t182005p0000-D,1617,821
1007969,41.30721,-82.171316,GAO20220909t182005p0000-C,1667,961
1007969,41.309609,-82.171758,GAO20220909t182541p0000-A,2641,1297
1007969,41.306606,-82.17441,GAO20220909t182541p0000-B,783,382
1007969,41.309711,-82.170371,GAO20220909t183059p0000-A,1830,774
1002276,40.817592,-82.871458,GAO20220915t150742p0000-B,,
1002276,40.819348,-82.872907,GAO20220915t150742p0000-A,,
1004850,40.972807,-82.482681,GAO20220915t151548p0000-B,,
1004850,40.96459,-82.486661,GAO20220915t151548p0000-A,,
1007745,42.762651,-82.740641,GAO20220915t160032p0000-A,,
1007745,42.759293,-82.737516,GAO20220915t160032p0000-B,,
1007745,42.76334,-82.745423,GAO20220915t160625p0000-A,,
1007745,42.76208,-82.74032,GAO20220915t161125p0000-A,,
1004497,42.906432,-82.593737,GAO20220915t161627p0000-A,1687,695
1004497,42.905561,-82.5944,GAO20220915t162206p0000-A,1354,687
1004497,42.904351,-82.592939,GAO20220915t162206p0000-B,1251,522
1004497,42.905104,-82.596638,GAO20220915t162731p0000-A,1378,584
1004497,42.903434,-82.594897,GAO20220915t162731p0000-B,,
1004850,40.971255,-82.48513,GAO20220915t170925p0000-C,,
1004850,40.972156,-82.481701,GAO20220915t170925p0000-A,,
1004850,40.966152,-82.48534,GAO20220915t170925p0000-B,,
1003601,42.159317,-83.212189,GAO20220917t165141p0001-A,,
1003601,42.161458,-83.213689,GAO20220917t165141p0002-B,,
1003601,42.159921,-83.207826,GAO20220917t165141p0002-A,,
1003601,42.160882,-83.211666,GAO20220917t170029p0000-A,,
1003686,42.707981,-83.246804,GAO20220917t171035p0000-A,1357,321
1003686,42.705797,-83.245752,GAO20220917t171600p0000-A,1018,335
1003686,42.706996,-83.247838,GAO20220917t172040p0000-A,754,239
1003582,42.261916,-83.433171,GAO20220917t174255p0000-A,1074,134
1002646,33.709397,-87.057447,GAO20220920t160303p0000-A,1776,469
1002646,33.709236,-87.057454,GAO20220920t160817p0000-A,1340,573
1004014,33.713026,-86.857028,GAO20220920t161247p0000-B,4095,1122
1004014,33.716403,-86.857675,GAO20220920t161626p0000-A,2417,683
1006790,33.603734,-86.518331,GAO20220920t162542p0000-A,,
1006790,33.603703,-86.518595,GAO20220920t163209p0000-A,,
1002646,33.708189,-87.057105,GAO20220920t164419p0000-A,1045,297
1002646,33.711352,-87.057483,GAO20220920t164828p0000-A,2387,646
1002646,33.709455,-87.057443,GAO20220920t165303p0000-A,2731,964
1002646,33.708504,-87.056707,GAO20220920t165827p0000-A,2432,748
1004014,33.715237,-86.856394,GAO20220920t170341p0000-A,2255,544
1004014,33.715648,-86.858149,GAO20220920t170827p0000-A,1504,683
1004014,33.715393,-86.85896,GAO20220920t171237p0000-A,2190,841
1004014,33.713619,-86.856966,GAO20220920t171720p0000-A,2435,734
1007082,33.18133,-86.695316,GAO20220920t172819p0000-A,,
1007082,33.184731,-86.6965,GAO20220920t173220p0000-A,,
1006790,33.603851,-86.519112,GAO20220920t174733p0000-A,,
1007082,33.183466,-86.696358,GAO20220920t180142p0000-A,,
1004245,33.241848,-87.652027,GAO20220921t162035p0000-A,647,300
1004245,33.245218,-87.65277,GAO20220921t162828p0000-A,1164,440
1002646,33.70768,-87.057586,GAO20220921t164246p0000-A,,
1002646,33.708083,-87.058378,GAO20220921t164614p0000-A,,
1004014,33.716306,-86.857447,GAO20220921t165030p0000-B,,
1004014,33.713413,-86.85816,GAO20220921t165030p0000-A,,
1004014,33.715778,-86.860049,GAO20220921t165433p0000-A,,
1006790,33.604852,-86.522075,GAO20220921t170238p0000-A,,
1004256,33.998748,-85.177893,GAO20220921t172513p0000-A,,
1004256,33.995948,-85.178539,GAO20220921t172513p0000-B,,
1006790,33.604548,-86.522284,GAO20220921t175322p0000-A,,
1004256,33.99634,-85.173937,GAO20220922t151910p0000-A,,
1006328,34.274963,-84.391929,GAO20220922t153245p0000-A,,
1003710,34.329042,-84.24309,GAO20220922t153602p0000-A,,
1004487,34.135249,-84.035906,GAO20220922t154219p0000-B,,
1005638,33.657472,-84.25902,GAO20220922t160143p0000-B,,
1005638,33.661015,-84.2561,GAO20220922t160143p0000-A,,
1002478,33.235072,-84.119763,GAO20220922t162053p0000-A,,
1010392,33.175584,-84.845261,GAO20220922t163326p0000-A,,
1004256,33.996208,-85.177949,GAO20220922t165307p0000-A,,
1006328,34.272742,-84.391397,GAO20220922t171114p0000-A,,
1004487,34.135483,-84.038798,GAO20220922t172030p0000-A,,
1002646,33.710093,-87.057995,GAO20220923t160943p0000-A,,
1004014,33.714581,-86.856886,GAO20220923t182706p0000-A,,
1010392,33.17556,-84.845938,GAO20220926t151920p0000-A,,
1002478,33.234373,-84.117676,GAO20220926t152856p0000-A,,
1002478,33.229398,-84.115699,GAO20220926t152856p0000-B,,
1005638,33.657125,-84.255572,GAO20220926t154545p0000-B,,
1005638,33.661287,-84.256231,GAO20220926t154545p0000-A,,
1004487,34.136187,-84.035814,GAO20220926t160910p0000-A,3595,672
1004487,34.135219,-84.040237,GAO20220926t160910p0000-C,3776,821
1004487,34.134131,-84.033586,GAO20220926t160910p0000-B,4751,866
1006328,34.272881,-84.392206,GAO20220926t162231p0000-A,2831,860
1004256,33.996175,-85.175009,GAO20220926t163946p0000-A,,
1004256,33.99667,-85.176528,GAO20220926t164548p0000-A,,
1004256,33.997147,-85.177325,GAO20220926t165210p0000-A,,
1004256,33.996012,-85.178233,GAO20220926t165928p0000-A,,
1004256,33.996522,-85.177276,GAO20220926t171727p0000-A,,
1006328,34.274786,-84.392792,GAO20220926t173500p0000-A,2352,557
1006328,34.276264,-84.391017,GAO20220926t174545p0000-A,2799,462
1006328,34.276264,-84.391017,GAO20220926t175339p0000-B,2453,379
1006328,34.274249,-84.393466,GAO20220926t175339p0000-A,2722,437
1004487,34.135496,-84.039954,GAO20220926t180313p0000-A,2830,504
1004487,34.135513,-84.039863,GAO20220926t180808p0000-A,2404,520
1006328,34.273787,-84.392341,GAO20220926t182212p0000-A,4408,346
1010392,33.175937,-84.846799,GAO20220927t170632p0000-B,,
1010392,33.171795,-84.835716,GAO20220927t170632p0000-A,,
1010392,33.174218,-84.846408,GAO20220927t171115p0000-A,,
1010392,33.176464,-84.847188,GAO20220927t171701p0000-B,,
1002478,33.236422,-84.116104,GAO20220927t174614p0000-A,4381,508
1002478,33.234674,-84.117187,GAO20220927t175651p0000-A,4857,829
1002478,33.235091,-84.12009,GAO20220927t180235p0000-C,1274,293
1002478,33.234902,-84.116347,GAO20220927t180235p0000-A,5277,1026
1002478,33.235916,-84.11597,GAO20220927t180801p0000-A,4221,562
1002478,33.234398,-84.116328,GAO20220927t181408p0000-A,3474,992
1002478,33.235607,-84.117335,GAO20220927t182037p0000-A,4183,1114
1002478,33.235795,-84.119232,GAO20220927t182625p0000-A,2439,631
1005638,33.660949,-84.257198,GAO20220927t183935p0000-A,,
1004256,33.996655,-85.177912,GAO20220927t191520p0000-A,3642,899
1004256,33.996791,-85.177399,GAO20220927t192115p0000-A,2455,657
1004487,34.136619,-84.038375,GAO20220927t194240p0000-B,2822,438
1004487,34.136192,-84.04115,GAO20220927t194240p0000-A,2193,439
1004487,34.135976,-84.040657,GAO20220927t194912p0000-A,4509,545
1004256,33.996478,-85.177919,GAO20220927t201738p0000-A,3736,982
1001633,33.682721,-86.253351,GAO20220928t162844p0000-A,1156,258
1006790,33.603172,-86.521498,GAO20220928t164641p0000-A,,
1006790,33.60341,-86.521759,GAO20220928t165119p0000-A,,
1006790,33.603319,-86.51999,GAO20220928t165807p0000-A,,
1006790,33.603053,-86.520325,GAO20220928t170324p0000-A,,
1006790,33.603056,-86.522001,GAO20220928t170821p0000-A,,
1007082,33.179583,-86.697121,GAO20220928t172257p0000-A,,
1004245,33.241977,-87.653378,GAO20220928t182922p0000-A,,
1002646,33.707717,-87.057419,GAO20220928t193622p0000-A,,
1002646,33.707679,-87.057591,GAO20220928t195023p0000-A,,
1002646,33.707676,-87.057568,GAO20220928t195526p0000-A,,
1004014,33.713585,-86.85739,GAO20220928t200357p0000-B,,
1004014,33.715151,-86.859135,GAO20220928t200357p0000-A,,
1004014,33.713937,-86.857503,GAO20220928t200806p0000-A,,
1004014,33.715528,-86.856635,GAO20220928t201225p0000-B,,
1004014,33.713921,-86.858803,GAO20220928t201225p0000-A,,
1004014,33.713984,-86.857702,GAO20220928t201644p0000-B,,
1004014,33.71509,-86.859032,GAO20220928t202112p0000-A,,
1006790,33.603245,-86.519867,GAO20220929t170024p0000-A,,
1006790,33.603111,-86.520192,GAO20220929t170540p0000-A,,
1006790,33.603122,-86.522179,GAO20220929t171047p0000-A,,
1006790,33.603039,-86.520737,GAO20220929t171556p0000-A,,
1004014,33.714102,-86.859075,GAO20220929t172713p0000-A,,
1004014,33.713521,-86.858376,GAO20220929t173121p0000-A,,
1004014,33.714605,-86.85879,GAO20220929t173704p0000-A,,
1004014,33.714508,-86.858685,GAO20220929t174042p0000-A,,
1004014,33.713605,-86.858072,GAO20220929t174523p0000-A,,
1002646,33.709166,-87.05738,GAO20220929t181024p0000-A,,
1002646,33.709807,-87.059915,GAO20220929t181443p0000-A,,
1002646,33.709229,-87.058397,GAO20220929t181853p0000-A,,
1002646,33.709405,-87.057328,GAO20220929t182304p0000-A,,
1002646,33.709447,-87.057456,GAO20220929t182657p0000-A,,
1002646,33.709489,-87.057469,GAO20220929t183855p0000-A,,
1004245,33.242003,-87.651474,GAO20220929t190534p0000-A,,
1004245,33.242111,-87.652196,GAO20220929t191658p0000-A,,
1004245,33.241872,-87.65211,GAO20220929t192117p0000-A,,
1007082,33.181809,-86.696896,GAO20220929t193845p0000-A,,
1007082,33.181924,-86.697087,GAO20220929t194331p0000-A,,
1007082,33.182065,-86.696982,GAO20220929t194731p0000-A,,
1007082,33.18204,-86.696942,GAO20220929t195146p0000-A,,
1003732,43.211151,-78.974016,GAO20221005t151743p0000-A,2695,1200
1005257,42.853732,-77.079132,GAO20221005t162241p0000-A,,